bechmark,formula,index,output,error,time,details
rational_2,(1.03*x*x + 1.1*y*y + 0.48*x*y + 8.88*x + 1.87*y + 5.02*1) / (0.97*x*x + 2.94*y*y + 2.72*x*y + 7.6*x + 7.43*y + 4.78*1),0,"(0.7399363787202867, 0.8398846466466471)",,374.32151889801025,"{'n_integrations': 1, 'mode': 'SAE4WMI', 'output': (0.7399363787202867, 0.8398846466466471)}"
